                  epoch,         train/box_loss,         train/cls_loss,         train/dfl_loss,   metrics/precision(B),      metrics/recall(B),       metrics/mAP50(B),    metrics/mAP50-95(B),           val/box_loss,           val/cls_loss,           val/dfl_loss,                 lr/pg0,                 lr/pg1,                 lr/pg2
                      1,                 5.1359,                 4.2321,                 3.7534,                      0,                      0,                      0,                      0,                 6.5149,                 4.9869,                 4.4412,             0.00041054,             0.00041054,             0.00041054
                      2,                 2.9123,                 2.5711,                 2.3512,                0.81668,                0.06343,                0.10754,                0.02744,                 3.3339,                 3.4544,                  2.368,             0.00082557,             0.00082557,             0.00082557
                      3,                 2.2066,                 1.9973,                 1.7674,                0.75942,                0.28185,                 0.3033,                0.12934,                 1.9588,                 2.8747,                 1.7326,              0.0012389,              0.0012389,              0.0012389
                      4,                 1.9556,                 1.7862,                 1.5732,                0.69657,                 0.4335,                0.41889,                0.19625,                 1.7511,                 1.5366,                 1.4824,              0.0012426,              0.0012426,              0.0012426
                      5,                 1.7766,                 1.6048,                 1.4485,                0.60122,                0.35067,                0.35989,                0.15237,                 1.8637,                 1.8343,                   1.54,              0.0012401,              0.0012401,              0.0012401
                      6,                 1.6709,                 1.5032,                 1.3861,                0.72615,                0.48384,                0.53374,                0.28218,                 1.5595,                 1.3737,                 1.3521,              0.0012376,              0.0012376,              0.0012376
                      7,                 1.6293,                 1.4138,                 1.3377,                0.72725,                0.51447,                0.55362,                0.30365,                 1.4624,                 1.2577,                 1.3131,              0.0012351,              0.0012351,              0.0012351
                      8,                 1.5444,                 1.3385,                 1.2922,                0.38398,                0.43871,                0.39495,                0.20982,                  1.545,                 1.6923,                 1.3413,              0.0012327,              0.0012327,              0.0012327
                      9,                 1.5391,                 1.2832,                 1.2581,                0.53847,                0.62036,                0.58805,                0.33819,                 1.3786,                 1.1708,                  1.273,              0.0012302,              0.0012302,              0.0012302
                     10,                 1.4946,                 1.2133,                 1.2567,                0.62452,                0.52738,                0.59512,                0.32785,                 1.4036,                 1.3816,                 1.2738,              0.0012277,              0.0012277,              0.0012277
                     11,                 1.4295,                 1.2111,                 1.2211,                0.54762,                0.64113,                0.62901,                0.34761,                 1.3923,                 1.1352,                  1.266,              0.0012252,              0.0012252,              0.0012252
                     12,                 1.4411,                 1.1873,                 1.2138,                 0.6379,                0.62847,                0.64256,                0.37013,                 1.3617,                 1.0487,                 1.2313,              0.0012228,              0.0012228,              0.0012228
                     13,                 1.4252,                 1.1296,                 1.2004,                0.59447,                0.58483,                0.59905,                0.34768,                 1.3739,                 1.1969,                 1.2443,              0.0012203,              0.0012203,              0.0012203
                     14,                  1.395,                 1.1072,                 1.1997,                0.59763,                0.63287,                0.64109,                0.39292,                 1.3339,                 1.1136,                 1.2243,              0.0012178,              0.0012178,              0.0012178
                     15,                 1.3705,                 1.0956,                 1.1869,                0.68817,                0.65011,                0.68977,                0.41251,                 1.3026,                0.99693,                 1.2022,              0.0012154,              0.0012154,              0.0012154
                     16,                 1.3301,                 1.0377,                 1.1563,                0.69086,                0.63015,                0.67628,                0.39608,                 1.3616,                 1.0405,                 1.2218,              0.0012129,              0.0012129,              0.0012129
                     17,                 1.3237,                 1.0216,                 1.1657,                0.67465,                0.68059,                 0.7143,                0.44211,                 1.2363,                0.92224,                 1.1686,              0.0012104,              0.0012104,              0.0012104
                     18,                 1.3121,                 1.0236,                 1.1465,                0.63948,                  0.626,                0.68721,                0.42493,                 1.2949,                0.94096,                 1.1973,              0.0012079,              0.0012079,              0.0012079
                     19,                 1.3142,                 1.0236,                 1.1562,                0.62093,                0.63423,                0.65981,                0.39293,                 1.3022,                0.99042,                 1.1857,              0.0012055,              0.0012055,              0.0012055
                     20,                 1.2896,                0.98835,                  1.127,                0.62997,                0.65562,                0.67321,                0.40572,                 1.2881,                 1.0772,                 1.1988,               0.001203,               0.001203,               0.001203
                     21,                  1.289,                0.96953,                 1.1333,                  0.644,                0.65767,                0.71203,                0.43005,                 1.2366,                 1.1341,                 1.1563,              0.0012005,              0.0012005,              0.0012005
                     22,                 1.2757,                0.95289,                 1.1325,                0.61495,                0.74514,                 0.7164,                0.44769,                 1.2332,                 0.9353,                 1.1585,               0.001198,               0.001198,               0.001198
                     23,                 1.2687,                0.94254,                 1.1239,                0.65124,                0.65397,                0.67361,                0.40841,                 1.3115,                0.99224,                 1.1984,              0.0011955,              0.0011955,              0.0011955
                     24,                  1.266,                0.95559,                 1.1291,                0.74123,                0.69991,                0.72924,                0.45276,                 1.2744,                0.91303,                 1.1805,              0.0011931,              0.0011931,              0.0011931
                     25,                 1.2621,                0.93733,                 1.1208,                0.72057,                0.67176,                0.73699,                0.45955,                 1.2334,                 0.9158,                 1.1514,              0.0011906,              0.0011906,              0.0011906
                     26,                 1.2345,                0.91135,                 1.1137,                0.69268,                 0.6562,                0.67598,                0.41077,                 1.2599,                 1.1041,                 1.1694,              0.0011881,              0.0011881,              0.0011881
                     27,                 1.2294,                0.87975,                 1.1099,                 0.6947,                0.71991,                0.72261,                0.45512,                 1.2367,                0.92874,                 1.1559,              0.0011856,              0.0011856,              0.0011856
                     28,                 1.2409,                0.89413,                 1.1097,                0.74093,                 0.7457,                0.76144,                0.46651,                 1.2552,                0.84207,                 1.1582,              0.0011832,              0.0011832,              0.0011832
                     29,                 1.2269,                0.90164,                 1.1109,                0.69826,                0.67659,                0.71337,                0.45065,                 1.2299,                0.89347,                 1.1515,              0.0011807,              0.0011807,              0.0011807
                     30,                 1.2303,                0.88503,                 1.1117,                0.70811,                0.68932,                0.72298,                 0.4585,                 1.2271,                0.90926,                  1.143,              0.0011782,              0.0011782,              0.0011782
                     31,                 1.2039,                0.86556,                 1.0898,                0.72815,                0.71605,                0.76083,                  0.477,                   1.23,                0.79744,                 1.1483,              0.0011757,              0.0011757,              0.0011757
                     32,                 1.1879,                0.85904,                 1.0914,                0.65935,                0.70293,                0.69847,                 0.4284,                 1.2688,                0.90895,                 1.1648,              0.0011733,              0.0011733,              0.0011733
                     33,                 1.2049,                0.85522,                 1.0904,                0.67392,                0.73748,                0.75526,                0.46754,                 1.2237,                0.80234,                 1.1471,              0.0011708,              0.0011708,              0.0011708
                     34,                 1.2009,                0.84244,                 1.0865,                0.74999,                0.71725,                0.75212,                 0.4811,                 1.2234,                0.79241,                 1.1404,              0.0011683,              0.0011683,              0.0011683
                     35,                 1.1785,                0.84137,                 1.0896,                0.65408,                0.69781,                0.72189,                0.45807,                 1.2625,                0.83749,                 1.1744,              0.0011658,              0.0011658,              0.0011658
                     36,                 1.1903,                0.82861,                  1.081,                 0.7084,                0.70749,                0.71705,                0.44359,                 1.2862,                0.88502,                 1.1795,              0.0011634,              0.0011634,              0.0011634
                     37,                 1.1764,                0.81396,                  1.084,                0.75829,                0.67006,                0.75243,                0.48615,                  1.202,                0.81676,                 1.1329,              0.0011609,              0.0011609,              0.0011609
                     38,                 1.1794,                0.80661,                 1.0795,                0.69202,                0.76091,                0.76863,                0.48728,                 1.2135,                0.75622,                 1.1392,              0.0011584,              0.0011584,              0.0011584
                     39,                 1.1689,                0.81283,                 1.0728,                0.67006,                0.75675,                0.73381,                0.47105,                 1.2304,                0.88861,                 1.1443,              0.0011559,              0.0011559,              0.0011559
                     40,                 1.1713,                0.81819,                 1.0812,                0.72275,                0.71634,                0.76105,                0.47696,                 1.2463,                0.79033,                 1.1462,              0.0011535,              0.0011535,              0.0011535
                     41,                  1.174,                0.81675,                 1.0715,                0.69033,                0.72794,                 0.7498,                 0.4669,                 1.2271,                0.80171,                 1.1407,               0.001151,               0.001151,               0.001151
                     42,                  1.157,                0.79501,                 1.0682,                0.70239,                0.74303,                 0.7392,                0.48088,                 1.2174,                0.79052,                 1.1432,              0.0011485,              0.0011485,              0.0011485
                     43,                 1.1511,                0.77403,                 1.0731,                0.74069,                 0.6576,                0.72782,                0.48017,                 1.2071,                0.88626,                 1.1298,              0.0011461,              0.0011461,              0.0011461
                     44,                 1.1399,                0.78864,                 1.0652,                 0.7284,                0.69242,                0.74793,                0.49468,                 1.1984,                0.75372,                 1.1332,              0.0011436,              0.0011436,              0.0011436
                     45,                 1.1724,                0.76965,                 1.0772,                0.75344,                0.73044,                0.77807,                0.50215,                 1.2026,                0.75969,                 1.1325,              0.0011411,              0.0011411,              0.0011411
                     46,                 1.1376,                 0.7701,                 1.0607,                0.77032,                0.66852,                0.74095,                0.48103,                 1.2308,                0.80325,                 1.1423,              0.0011386,              0.0011386,              0.0011386
                     47,                 1.1296,                0.76941,                 1.0559,                0.72216,                0.75054,                0.76511,                0.49306,                 1.1993,                0.75338,                  1.134,              0.0011362,              0.0011362,              0.0011362
                     48,                 1.1313,                0.76881,                 1.0503,                0.72825,                0.69982,                0.73582,                0.47084,                 1.2455,                0.82177,                 1.1602,              0.0011337,              0.0011337,              0.0011337
                     49,                 1.1234,                0.74366,                 1.0494,                0.75784,                0.74743,                0.78131,                0.50246,                 1.1804,                 0.7649,                 1.1222,              0.0011312,              0.0011312,              0.0011312
                     50,                 1.1335,                0.76042,                 1.0642,                 0.7292,                0.73358,                0.75543,                0.49614,                 1.2078,                0.82203,                 1.1406,              0.0011287,              0.0011287,              0.0011287
                     51,                 1.1279,                0.74729,                 1.0496,                0.71989,                0.68385,                0.73492,                0.48856,                  1.201,                0.82541,                 1.1386,              0.0011263,              0.0011263,              0.0011263
                     52,                 1.1138,                0.74013,                 1.0533,                0.75005,                0.71758,                0.76496,                0.49216,                 1.2069,                0.78105,                 1.1377,              0.0011238,              0.0011238,              0.0011238
                     53,                 1.1135,                0.75302,                 1.0405,                 0.7442,                0.74693,                0.77018,                0.48968,                 1.2219,                0.75524,                 1.1438,              0.0011213,              0.0011213,              0.0011213
                     54,                 1.1195,                 0.7509,                 1.0583,                0.63158,                0.72927,                0.68926,                0.43882,                 1.2606,                 1.1202,                 1.1745,              0.0011188,              0.0011188,              0.0011188
                     55,                 1.1067,                0.72168,                 1.0424,                0.76852,                0.73119,                0.75312,                0.47759,                 1.2227,                0.79357,                 1.1382,              0.0011164,              0.0011164,              0.0011164
                     56,                 1.0927,                0.72246,                 1.0429,                0.79619,                0.67132,                0.75964,                 0.4923,                  1.214,                0.75738,                 1.1355,              0.0011139,              0.0011139,              0.0011139
                     57,                 1.0996,                0.71769,                 1.0385,                0.67486,                0.74355,                0.73998,                0.47887,                  1.214,                0.92043,                 1.1432,              0.0011114,              0.0011114,              0.0011114
                     58,                 1.0933,                0.70927,                 1.0394,                0.72985,                0.70967,                0.74825,                0.49097,                 1.1898,                0.72866,                 1.1337,              0.0011089,              0.0011089,              0.0011089
                     59,                 1.0838,                0.70655,                 1.0391,                 0.7327,                0.69821,                0.74066,                0.48106,                 1.2284,                 0.7663,                 1.1462,              0.0011065,              0.0011065,              0.0011065
                     60,                 1.0848,                0.70076,                 1.0348,                0.71471,                0.71343,                0.73574,                0.47045,                 1.2319,                0.76767,                 1.1551,               0.001104,               0.001104,               0.001104
                     61,                 1.0811,                0.69827,                 1.0425,                0.74946,                0.70607,                0.76004,                0.48518,                 1.2112,                0.76611,                 1.1445,              0.0011015,              0.0011015,              0.0011015
                     62,                 1.0751,                0.68836,                 1.0298,                0.77268,                0.68954,                0.74249,                0.47659,                  1.208,                0.77471,                 1.1442,               0.001099,               0.001099,               0.001099
                     63,                 1.0751,                 0.6945,                  1.036,                0.73901,                0.74701,                0.75824,                0.48456,                 1.2029,                0.75186,                  1.129,              0.0010965,              0.0010965,              0.0010965
                     64,                 1.0599,                0.68721,                 1.0246,                0.67786,                0.76277,                0.73424,                 0.4872,                 1.2073,                0.75768,                 1.1442,              0.0010941,              0.0010941,              0.0010941
                     65,                 1.0619,                0.68764,                 1.0206,                0.73521,                  0.727,                 0.7433,                0.47905,                  1.203,                0.73694,                 1.1363,              0.0010916,              0.0010916,              0.0010916
                     66,                   1.08,                0.68781,                 1.0307,                0.68037,                0.77041,                0.73289,                0.48176,                 1.2071,                0.77189,                 1.1386,              0.0010891,              0.0010891,              0.0010891
                     67,                 1.0657,                0.67377,                 1.0276,                 0.7596,                0.75327,                0.78473,                 0.5277,                 1.1693,                0.74429,                 1.1183,              0.0010866,              0.0010866,              0.0010866
                     68,                 1.0532,                0.66173,                 1.0174,                0.78325,                0.73242,                0.76258,                0.50449,                 1.1948,                0.73895,                 1.1284,              0.0010842,              0.0010842,              0.0010842
                     69,                 1.0523,                0.65968,                 1.0187,                0.68464,                0.75891,                0.74726,                0.48644,                 1.1847,                0.72254,                 1.1275,              0.0010817,              0.0010817,              0.0010817
                     70,                 1.0603,                0.66013,                 1.0279,                0.74681,                 0.7496,                0.78481,                0.50703,                 1.2138,                0.74511,                 1.1435,              0.0010792,              0.0010792,              0.0010792
                     71,                 1.0534,                  0.666,                 1.0251,                0.72984,                0.72544,                0.76703,                0.49996,                 1.1874,                 0.7424,                  1.128,              0.0010768,              0.0010768,              0.0010768
                     72,                  1.056,                0.67076,                 1.0165,                0.73083,                 0.7591,                0.75821,                0.49539,                 1.2024,                0.76585,                 1.1296,              0.0010743,              0.0010743,              0.0010743
                     73,                 1.0507,                0.65841,                 1.0202,                0.72556,                0.76191,                0.76388,                0.50571,                 1.2016,                0.74247,                 1.1347,              0.0010718,              0.0010718,              0.0010718
                     74,                 1.0395,                0.64612,                 1.0154,                0.66972,                0.77394,                0.73752,                0.47167,                 1.2332,                0.77421,                 1.1529,              0.0010693,              0.0010693,              0.0010693
                     75,                 1.0461,                0.65415,                 1.0223,                0.69264,                0.74979,                0.76112,                0.48976,                 1.2098,                0.73017,                 1.1347,              0.0010669,              0.0010669,              0.0010669
                     76,                  1.044,                0.64525,                 1.0226,                0.70479,                0.73043,                0.75068,                 0.4867,                 1.1898,                0.74469,                 1.1349,              0.0010644,              0.0010644,              0.0010644
                     77,                 1.0319,                0.64086,                 1.0084,                0.72947,                0.77131,                0.74725,                0.48932,                 1.1877,                0.72912,                 1.1275,              0.0010619,              0.0010619,              0.0010619
                     78,                 1.0147,                0.63226,                 1.0083,                0.70073,                0.75708,                0.73319,                0.48147,                 1.2093,                0.77514,                 1.1407,              0.0010594,              0.0010594,              0.0010594
                     79,                 1.0307,                0.63439,                 1.0148,                0.70927,                0.74364,                0.75215,                0.48647,                 1.2168,                 0.7411,                 1.1461,               0.001057,               0.001057,               0.001057
                     80,                 1.0323,                0.62766,                 1.0112,                0.75876,                0.73139,                0.76189,                0.50274,                 1.2025,                0.73406,                 1.1396,              0.0010545,              0.0010545,              0.0010545
                     81,                 1.0219,                0.63547,                 1.0126,                0.77976,                0.71316,                0.76319,                0.50079,                 1.2044,                0.74686,                 1.1372,               0.001052,               0.001052,               0.001052
                     82,                 1.0213,                0.61574,                 1.0092,                0.75579,                0.73746,                0.77185,                0.50028,                 1.2001,                0.75395,                 1.1395,              0.0010495,              0.0010495,              0.0010495
                     83,                  1.009,                 0.6098,                 1.0038,                0.74463,                0.76319,                0.76285,                0.48726,                 1.2124,                0.76171,                 1.1456,               0.001047,               0.001047,               0.001047
                     84,                 1.0121,                 0.6064,                 1.0053,                0.70217,                0.73463,                0.71533,                0.44754,                 1.2281,                0.76973,                  1.161,              0.0010446,              0.0010446,              0.0010446
                     85,                 1.0107,                 0.6147,                 1.0085,                0.75164,                0.77313,                0.77328,                 0.4834,                 1.2056,                0.70715,                 1.1445,              0.0010421,              0.0010421,              0.0010421
                     86,                 1.0124,                0.61011,                0.99911,                0.78385,                0.72171,                0.76198,                0.48988,                 1.1999,                0.72253,                 1.1378,              0.0010396,              0.0010396,              0.0010396
                     87,                 1.0097,                0.62454,                 1.0034,                0.69404,                 0.7632,                0.73898,                0.45637,                 1.2586,                0.75014,                 1.1806,              0.0010372,              0.0010372,              0.0010372
                     88,                 1.0137,                0.60608,                  1.001,                0.74303,                0.72683,                0.75762,                0.49551,                 1.2161,                0.75356,                 1.1424,              0.0010347,              0.0010347,              0.0010347
                     89,                0.99205,                0.60309,                0.99527,                0.76141,                  0.739,                0.76822,                0.49364,                 1.2225,                0.76627,                  1.152,              0.0010322,              0.0010322,              0.0010322
                     90,                0.98466,                0.58966,                0.98917,                0.77379,                 0.7571,                0.78119,                 0.4972,                 1.2073,                0.71687,                  1.145,              0.0010297,              0.0010297,              0.0010297
                     91,                0.99051,                0.59981,                0.99779,                0.68965,                0.77268,                0.73296,                0.46057,                 1.2466,                0.75259,                 1.1665,              0.0010273,              0.0010273,              0.0010273
                     92,                0.98241,                0.59691,                0.98865,                0.68085,                0.78902,                 0.7267,                0.47937,                 1.2042,                0.75081,                 1.1478,              0.0010248,              0.0010248,              0.0010248
                     93,                0.99423,                0.59572,                0.99772,                0.70753,                0.79853,                0.77501,                0.50474,                 1.2258,                0.76681,                 1.1612,              0.0010223,              0.0010223,              0.0010223
                     94,                0.97814,                0.59578,                0.99165,                0.74279,                0.69923,                0.73105,                0.47146,                 1.2269,                0.78614,                 1.1502,              0.0010198,              0.0010198,              0.0010198
                     95,                0.96584,                0.57786,                0.98529,                0.72921,                0.76097,                0.74377,                 0.4791,                 1.1996,                0.75094,                 1.1396,              0.0010173,              0.0010173,              0.0010173
                     96,                0.96807,                0.58442,                0.98239,                0.73074,                0.72689,                0.73589,                0.47793,                 1.2248,                0.76107,                 1.1548,              0.0010149,              0.0010149,              0.0010149
                     97,                0.97077,                0.58527,                0.97978,                0.76843,                0.72925,                0.77862,                0.51148,                 1.2116,                0.72853,                 1.1517,              0.0010124,              0.0010124,              0.0010124
                     98,                0.95618,                0.57653,                 0.9924,                0.75797,                0.74405,                0.75176,                0.49323,                 1.1911,                0.73911,                 1.1443,              0.0010099,              0.0010099,              0.0010099
                     99,                0.97536,                0.58608,                0.98741,                0.75459,                0.74557,                0.76551,                0.49527,                 1.2255,                0.74046,                 1.1516,              0.0010075,              0.0010075,              0.0010075
                    100,                0.98001,                0.57572,                0.98705,                0.73241,                0.75145,                0.76402,                0.49615,                 1.2135,                0.73503,                 1.1506,               0.001005,               0.001005,               0.001005
                    101,                0.95429,                0.56226,                0.97153,                0.79072,                0.70961,                0.76552,                0.50313,                  1.212,                0.72347,                 1.1465,              0.0010025,              0.0010025,              0.0010025
                    102,                 0.9406,                0.55758,                0.98181,                0.79191,                0.73597,                0.76925,                0.49831,                 1.2143,                0.75997,                 1.1521,                  0.001,                  0.001,                  0.001
                    103,                0.96854,                0.57052,                0.98059,                0.75699,                0.72021,                0.76651,                0.49745,                 1.2253,                0.72949,                 1.1502,             0.00099755,             0.00099755,             0.00099755
                    104,                0.96368,                0.55711,                0.98612,                0.71728,                0.77873,                0.74939,                0.48773,                 1.2006,                0.76058,                 1.1404,             0.00099507,             0.00099507,             0.00099507
                    105,                0.96195,                0.55932,                0.98141,                0.74349,                0.70948,                0.76601,                0.49344,                 1.2292,                 0.7587,                 1.1586,              0.0009926,              0.0009926,              0.0009926
                    106,                0.93945,                0.55621,                0.97264,                 0.6677,                0.78779,                0.73068,                0.48305,                 1.2005,                0.73699,                 1.1442,             0.00099013,             0.00099013,             0.00099013
                    107,                0.94542,                0.54963,                0.97644,                0.76671,                0.74018,                0.77171,                0.49916,                 1.2205,                0.74318,                 1.1555,             0.00098765,             0.00098765,             0.00098765
                    108,                0.93926,                0.54616,                0.97091,                0.75201,                0.72097,                0.74325,                0.48396,                 1.2126,                0.74553,                  1.153,             0.00098518,             0.00098518,             0.00098518
                    109,                0.92806,                0.54266,                0.96795,                0.68981,                0.76724,                0.74822,                0.49674,                 1.1873,                  0.747,                 1.1424,              0.0009827,              0.0009827,              0.0009827
                    110,                0.92612,                0.54033,                0.96991,                0.74403,                0.74468,                0.73923,                0.47339,                  1.212,                0.75237,                 1.1564,             0.00098022,             0.00098022,             0.00098022
                    111,                0.92529,                0.53306,                0.96456,                0.71337,                0.74275,                0.74012,                0.48337,                 1.2247,                0.80018,                 1.1638,             0.00097775,             0.00097775,             0.00097775
                    112,                0.92729,                0.53598,                0.96602,                0.72792,                0.75211,                0.74261,                0.48746,                 1.2051,                0.77208,                 1.1501,             0.00097528,             0.00097528,             0.00097528
                    113,                0.92989,                0.54231,                0.96962,                0.73289,                0.76511,                0.75507,                0.48807,                 1.1996,                0.75509,                 1.1449,              0.0009728,              0.0009728,              0.0009728
                    114,                0.92458,                0.54108,                0.96529,                0.75029,                0.73656,                0.72941,                0.48508,                 1.2048,                0.75396,                 1.1499,             0.00097033,             0.00097033,             0.00097033
                    115,                0.92106,                0.53264,                0.96314,                0.78102,                0.72153,                0.75445,                0.49326,                 1.2024,                0.74551,                 1.1483,             0.00096785,             0.00096785,             0.00096785
                    116,                0.91635,                0.53019,                0.96414,                0.71204,                0.72227,                0.74358,                0.48819,                  1.205,                0.75911,                 1.1479,             0.00096537,             0.00096537,             0.00096537
                    117,                0.90861,                0.52924,                0.96314,                0.71888,                0.71696,                0.74479,                0.48774,                 1.2217,                 0.7529,                 1.1639,              0.0009629,              0.0009629,              0.0009629
                    118,                0.90338,                0.53198,                0.95631,                0.70916,                0.77187,                0.74495,                0.48363,                 1.2406,                0.75729,                 1.1618,             0.00096043,             0.00096043,             0.00096043
                    119,                0.89992,                0.51897,                0.95788,                0.70081,                0.76952,                0.75206,                0.49384,                 1.2198,                0.75046,                 1.1578,             0.00095795,             0.00095795,             0.00095795
                    120,                0.88942,                0.51598,                0.95603,                0.73925,                0.70123,                0.74772,                0.48891,                 1.2301,                0.74428,                 1.1666,             0.00095548,             0.00095548,             0.00095548
                    121,                0.90453,                0.52328,                0.96082,                0.70858,                0.77449,                 0.7486,                0.48355,                 1.2295,                0.74125,                 1.1724,               0.000953,               0.000953,               0.000953
                    122,                0.89816,                0.51763,                0.95766,                0.74498,                0.74616,                0.75303,                0.48737,                 1.2337,                0.75237,                 1.1707,             0.00095053,             0.00095053,             0.00095053
                    123,                0.88481,                0.51313,                0.94866,                0.78931,                0.69625,                0.74201,                0.48756,                 1.2345,                0.75811,                 1.1691,             0.00094805,             0.00094805,             0.00094805
                    124,                0.89655,                0.52558,                0.95707,                 0.6998,                0.81364,                0.74318,                0.49008,                 1.2216,                0.74567,                 1.1604,             0.00094558,             0.00094558,             0.00094558
                    125,                0.88557,                0.51339,                0.94278,                0.77614,                 0.7786,                0.76598,                0.49644,                 1.2289,                 0.7464,                 1.1715,              0.0009431,              0.0009431,              0.0009431
                    126,                0.87542,                0.51824,                0.95184,                0.77184,                0.70677,                0.75367,                0.49268,                 1.2303,                0.73674,                 1.1707,             0.00094062,             0.00094062,             0.00094062
                    127,                0.88506,                0.51113,                0.95557,                0.73332,                0.78422,                0.76123,                0.48925,                 1.2269,                0.75795,                 1.1623,             0.00093815,             0.00093815,             0.00093815
                    128,                0.87652,                0.50691,                0.95101,                0.69285,                0.75879,                0.75216,                0.49967,                 1.2435,                 0.8099,                 1.1787,             0.00093567,             0.00093567,             0.00093567
                    129,                0.87496,                0.51204,                0.94989,                0.74278,                0.74776,                 0.7618,                0.49901,                  1.226,                0.73605,                 1.1647,              0.0009332,              0.0009332,              0.0009332
                    130,                0.88403,                0.50666,                0.94568,                0.74162,                0.75914,                0.75966,                0.49898,                 1.2487,                0.76815,                 1.1681,             0.00093073,             0.00093073,             0.00093073
                    131,                 0.8741,                0.49356,                0.95091,                0.74203,                0.76012,                0.78054,                0.50788,                 1.2291,                0.75201,                 1.1666,             0.00092825,             0.00092825,             0.00092825
                    132,                0.85549,                0.50261,                0.94401,                0.73555,                0.76227,                0.74445,                 0.4827,                 1.2297,                0.73991,                 1.1687,             0.00092577,             0.00092577,             0.00092577
                    133,                0.86271,                0.50263,                0.94039,                0.74329,                 0.7422,                 0.7517,                0.49514,                 1.2409,                0.73299,                 1.1704,              0.0009233,              0.0009233,              0.0009233
                    134,                  0.856,                0.49683,                0.94185,                0.73354,                0.72707,                0.73085,                0.48514,                 1.2308,                0.76204,                 1.1577,             0.00092083,             0.00092083,             0.00092083
                    135,                0.86717,                0.49743,                0.94215,                0.69025,                0.72878,                0.73715,                0.48596,                 1.2437,                0.75279,                 1.1711,             0.00091835,             0.00091835,             0.00091835
                    136,                0.85352,                0.49763,                0.94286,                0.68302,                0.73139,                0.73064,                0.48552,                 1.2415,                 0.7398,                 1.1767,             0.00091588,             0.00091588,             0.00091588
                    137,                0.85119,                0.49317,                 0.9379,                0.71532,                0.74848,                0.75611,                0.49108,                 1.2304,                0.76477,                 1.1736,              0.0009134,              0.0009134,              0.0009134
                    138,                0.84444,                0.47437,                 0.9388,                0.73846,                0.71779,                0.74723,                  0.493,                 1.2267,                0.76617,                 1.1666,             0.00091092,             0.00091092,             0.00091092
                    139,                 0.8534,                 0.4865,                0.93897,                0.70981,                0.77102,                0.75283,                0.48269,                 1.2388,                0.77437,                 1.1705,             0.00090845,             0.00090845,             0.00090845
                    140,                0.85592,                0.48925,                0.93673,                 0.7273,                0.78825,                0.77685,                0.50113,                  1.229,                0.77884,                   1.17,             0.00090597,             0.00090597,             0.00090597
                    141,                0.84158,                0.48323,                0.93566,                0.69717,                 0.7533,                0.73842,                0.48251,                 1.2313,                0.76245,                 1.1652,              0.0009035,              0.0009035,              0.0009035
                    142,                0.82907,                0.47536,                0.93001,                0.70304,                0.75866,                0.74557,                0.49166,                 1.2221,                0.77679,                 1.1665,             0.00090103,             0.00090103,             0.00090103
                    143,                0.84363,                0.48334,                0.93541,                0.74469,                0.70558,                0.73906,                 0.4841,                 1.2282,                0.78448,                 1.1658,             0.00089855,             0.00089855,             0.00089855
                    144,                0.83409,                 0.4765,                0.93096,                0.79688,                0.72776,                0.75382,                0.48788,                 1.2327,                0.75235,                 1.1756,             0.00089607,             0.00089607,             0.00089607
                    145,                0.83044,                0.47697,                0.93272,                0.77797,                0.75191,                0.77218,                0.49903,                 1.2154,                0.73617,                  1.165,              0.0008936,              0.0008936,              0.0008936
                    146,                0.82495,                 0.4779,                0.92908,                0.76006,                0.73251,                0.76664,                0.49817,                 1.2221,                0.72926,                 1.1683,             0.00089112,             0.00089112,             0.00089112
                    147,                0.82153,                0.48073,                0.93394,                0.70645,                0.76397,                0.76349,                0.49427,                 1.2449,                0.77055,                  1.181,             0.00088865,             0.00088865,             0.00088865
                    148,                0.81655,                0.46522,                0.92704,                0.74604,                0.71847,                0.74589,                 0.4841,                 1.2285,                0.77427,                 1.1713,             0.00088618,             0.00088618,             0.00088618
                    149,                  0.819,                0.46517,                0.93213,                0.72373,                0.76814,                0.75628,                0.49312,                 1.2267,                0.77789,                 1.1611,              0.0008837,              0.0008837,              0.0008837
                    150,                0.81764,                   0.46,                0.92717,                0.74527,                0.74937,                0.75707,                0.48938,                 1.2459,                0.79626,                 1.1819,             0.00088122,             0.00088122,             0.00088122
                    151,                0.79964,                0.45806,                0.92233,                0.73704,                 0.7632,                0.76345,                0.49307,                 1.2125,                0.79357,                 1.1591,             0.00087875,             0.00087875,             0.00087875
                    152,                0.82219,                0.47306,                0.92523,                0.72703,                0.73249,                0.75887,                0.50647,                 1.2155,                0.75771,                 1.1635,             0.00087628,             0.00087628,             0.00087628
                    153,                0.80721,                0.47034,                0.92605,                0.70976,                0.76523,                0.76295,                0.49886,                 1.2197,                0.76597,                 1.1692,              0.0008738,              0.0008738,              0.0008738
                    154,                0.79753,                0.45545,                0.91997,                0.73471,                 0.7348,                0.73395,                  0.484,                 1.2226,                0.78209,                 1.1659,             0.00087132,             0.00087132,             0.00087132
                    155,                0.79828,                0.46544,                0.92116,                0.79503,                0.68642,                0.74778,                0.48508,                 1.2414,                0.77224,                 1.1843,             0.00086885,             0.00086885,             0.00086885
                    156,                0.79945,                0.45966,                0.92009,                 0.7009,                0.78026,                0.76474,                0.48935,                 1.2404,                0.79065,                 1.1783,             0.00086637,             0.00086637,             0.00086637
                    157,                 0.7987,                0.46557,                 0.9237,                0.76075,                 0.7076,                0.76052,                0.49762,                 1.2404,                0.79251,                  1.182,              0.0008639,              0.0008639,              0.0008639
                    158,                0.79882,                0.44897,                0.91717,                0.75228,                0.69662,                0.74772,                0.49082,                 1.2536,                0.80611,                 1.1824,             0.00086142,             0.00086142,             0.00086142
                    159,                 0.7919,                 0.4485,                0.92148,                0.77106,                0.70454,                 0.7494,                0.49972,                 1.2314,                0.77089,                 1.1786,             0.00085895,             0.00085895,             0.00085895
                    160,                0.79219,                0.45384,                0.91932,                0.73142,                0.75147,                0.74489,                0.49126,                 1.2304,                0.77185,                 1.1801,             0.00085647,             0.00085647,             0.00085647
                    161,                0.79007,                0.45107,                0.91688,                0.68747,                0.76205,                0.74246,                0.49896,                 1.2275,                0.76402,                 1.1715,               0.000854,               0.000854,               0.000854
                    162,                 0.7848,                0.44693,                0.91438,                0.72405,                0.76157,                0.74146,                0.49263,                 1.2418,                0.79209,                 1.1808,             0.00085152,             0.00085152,             0.00085152
                    163,                0.79121,                 0.4463,                0.91505,                0.75948,                0.75281,                0.75523,                0.49082,                 1.2402,                0.78043,                 1.1857,             0.00084905,             0.00084905,             0.00084905
                    164,                0.78139,                  0.441,                0.91393,                0.69459,                0.81668,                0.75182,                0.49093,                  1.238,                0.77721,                 1.1899,             0.00084658,             0.00084658,             0.00084658
                    165,                0.77595,                0.44269,                 0.9137,                0.71137,                0.77958,                0.74964,                0.49455,                 1.2292,                0.77701,                 1.1828,              0.0008441,              0.0008441,              0.0008441
                    166,                0.76712,                0.43939,                0.90713,                0.73579,                0.76344,                0.76381,                0.49157,                 1.2558,                0.81084,                 1.1973,             0.00084162,             0.00084162,             0.00084162
                    167,                0.76561,                0.43451,                0.90505,                0.69195,                0.76588,                0.74598,                0.49202,                 1.2324,                0.77467,                 1.1814,             0.00083915,             0.00083915,             0.00083915
